UID,iso2,iso3,code3,FIPS,Admin2,Province_State,Country_Region,Lat,Long_,Combined_Key,1/22/20,1/23/20,1/24/20,1/25/20,1/26/20,1/27/20,1/28/20,1/29/20,1/30/20,1/31/20,2/1/20,2/2/20,2/3/20,2/4/20,2/5/20,2/6/20,2/7/20,2/8/20,2/9/20,2/10/20,2/11/20,2/12/20,2/13/20,2/14/20,2/15/20,2/16/20,2/17/20,2/18/20,2/19/20,2/20/20,2/21/20,2/22/20,2/23/20,2/24/20,2/25/20,2/26/20,2/27/20,2/28/20,2/29/20,3/1/20,3/2/20,3/3/20,3/4/20,3/5/20,3/6/20,3/7/20,3/8/20,3/9/20,3/10/20,3/11/20,3/12/20,3/13/20,3/14/20,3/15/20,3/16/20,3/17/20,3/18/20,3/19/20,3/20/20,3/21/20,3/22/20,3/23/20,3/24/20,3/25/20,3/26/20,3/27/20,3/28/20,3/29/20,3/30/20,3/31/20,4/1/20,4/2/20,4/3/20,4/4/20,4/5/20,4/6/20,4/7/20,4/8/20,4/9/20
84026001,US,USA,840,26001.0,Alcona,Michigan,US,44.6846864,-83.59507875,"Alcona, Michigan, US",0,0,0,0,0,0,0,0,0,0,0,0,0,0,0,0,0,0,0,0,0,0,0,0,0,0,0,0,0,0,0,0,0,0,0,0,0,0,0,0,0,0,0,0,0,0,0,0,0,0,0,0,0,0,0,0,0,0,0,0,0,0,0,0,0,0,0,0,0,0,0,0,0,0,0,0,0,0,0
84026003,US,USA,840,26003.0,Alger,Michigan,US,46.41292944,-86.60260122,"Alger, Michigan, US",0,0,0,0,0,0,0,0,0,0,0,0,0,0,0,0,0,0,0,0,0,0,0,0,0,0,0,0,0,0,0,0,0,0,0,0,0,0,0,0,0,0,0,0,0,0,0,0,0,0,0,0,0,0,0,0,0,0,0,0,0,0,0,0,0,0,0,0,0,0,0,0,0,0,0,0,0,0,0
84026005,US,USA,840,26005.0,Allegan,Michigan,US,42.59147037,-85.89102866,"Allegan, Michigan, US",0,0,0,0,0,0,0,0,0,0,0,0,0,0,0,0,0,0,0,0,0,0,0,0,0,0,0,0,0,0,0,0,0,0,0,0,0,0,0,0,0,0,0,0,0,0,0,0,0,0,0,0,0,0,0,0,0,0,0,1,1,1,1,1,1,1,2,2,2,3,5,5,6,10,14,15,18,18,18
84026007,US,USA,840,26007.0,Alpena,Michigan,US,45.03477666,-83.62212411,"Alpena, Michigan, US",0,0,0,0,0,0,0,0,0,0,0,0,0,0,0,0,0,0,0,0,0,0,0,0,0,0,0,0,0,0,0,0,0,0,0,0,0,0,0,0,0,0,0,0,0,0,0,0,0,0,0,0,0,0,0,0,0,0,0,0,0,0,0,0,0,0,0,0,0,0,0,0,0,0,0,0,0,0,0
84026009,US,USA,840,26009.0,Antrim,Michigan,US,44.99690221,-85.15503082,"Antrim, Michigan, US",0,0,0,0,0,0,0,0,0,0,0,0,0,0,0,0,0,0,0,0,0,0,0,0,0,0,0,0,0,0,0,0,0,0,0,0,0,0,0,0,0,0,0,0,0,0,0,0,0,0,0,0,0,0,0,0,0,0,0,0,0,0,0,0,0,0,0,0,2,3,4,4,4,4,4,5,6,6,6
84026011,US,USA,840,26011.0,Arenac,Michigan,US,44.0636262,-83.89277559,"Arenac, Michigan, US",0,0,0,0,0,0,0,0,0,0,0,0,0,0,0,0,0,0,0,0,0,0,0,0,0,0,0,0,0,0,0,0,0,0,0,0,0,0,0,0,0,0,0,0,0,0,0,0,0,0,0,0,0,0,0,0,0,0,0,0,0,0,0,0,0,0,0,0,0,1,1,1,2,3,3,3,3,4,4
84026013,US,USA,840,26013.0,Baraga,Michigan,US,46.6720582,-88.36363591,"Baraga, Michigan, US",0,0,0,0,0,0,0,0,0,0,0,0,0,0,0,0,0,0,0,0,0,0,0,0,0,0,0,0,0,0,0,0,0,0,0,0,0,0,0,0,0,0,0,0,0,0,0,0,0,0,0,0,0,0,0,0,0,0,0,0,0,0,0,0,0,0,0,0,0,0,0,0,0,0,0,0,0,0,0
84026015,US,USA,840,26015.0,Barry,Michigan,US,42.59513984,-85.30834519,"Barry, Michigan, US",0,0,0,0,0,0,0,0,0,0,0,0,0,0,0,0,0,0,0,0,0,0,0,0,0,0,0,0,0,0,0,0,0,0,0,0,0,0,0,0,0,0,0,0,0,0,0,0,0,0,0,0,0,0,0,0,0,0,0,1,1,1,1,1,1,1,1,1,1,2,2,4,5,5,6,7,7,7,7
84026017,US,USA,840,26017.0,Bay,Michigan,US,43.70639106,-83.98731479,"Bay, Michigan, US",0,0,0,0,0,0,0,0,0,0,0,0,0,0,0,0,0,0,0,0,0,0,0,0,0,0,0,0,0,0,0,0,0,0,0,0,0,0,0,0,0,0,0,0,0,0,0,0,0,0,0,0,1,1,1,1,1,1,1,1,1,2,2,3,4,4,4,5,9,9,10,16,18,24,30,30,31,39,42
84026019,US,USA,840,26019.0,Benzie,Michigan,US,44.63899297,-86.01608482,"Benzie, Michigan, US",0,0,0,0,0,0,0,0,0,0,0,0,0,0,0,0,0,0,0,0,0,0,0,0,0,0,0,0,0,0,0,0,0,0,0,0,0,0,0,0,0,0,0,0,0,0,0,0,0,0,0,0,0,0,0,0,0,0,0,0,0,0,0,0,0,0,0,0,0,0,0,0,0,0,1,0,0,0,0
84026021,US,USA,840,26021.0,Berrien,Michigan,US,41.95447397,-86.41313079999998,"Berrien, Michigan, US",0,0,0,0,0,0,0,0,0,0,0,0,0,0,0,0,0,0,0,0,0,0,0,0,0,0,0,0,0,0,0,0,0,0,0,0,0,0,0,0,0,0,0,0,0,0,0,0,0,0,0,0,0,0,0,0,0,0,0,2,3,5,8,10,11,18,22,29,32,35,38,40,52,56,58,60,64,72,80
84026023,US,USA,840,26023.0,Branch,Michigan,US,41.91600556,-85.05929476,"Branch, Michigan, US",0,0,0,0,0,0,0,0,0,0,0,0,0,0,0,0,0,0,0,0,0,0,0,0,0,0,0,0,0,0,0,0,0,0,0,0,0,0,0,0,0,0,0,0,0,0,0,0,0,0,0,0,0,0,0,0,0,0,0,0,0,0,0,0,0,0,0,0,0,2,2,5,6,10,13,15,16,18,24
84026025,US,USA,840,26025.0,Calhoun,Michigan,US,42.24633834,-85.00493569,"Calhoun, Michigan, US",0,0,0,0,0,0,0,0,0,0,0,0,0,0,0,0,0,0,0,0,0,0,0,0,0,0,0,0,0,0,0,0,0,0,0,0,0,0,0,0,0,0,0,0,0,0,0,0,0,0,0,0,0,0,0,0,0,0,0,1,2,3,4,6,7,9,11,15,17,17,23,25,31,34,42,41,43,51,57
84026027,US,USA,840,26027.0,Cass,Michigan,US,41.91522292,-85.99405727,"Cass, Michigan, US",0,0,0,0,0,0,0,0,0,0,0,0,0,0,0,0,0,0,0,0,0,0,0,0,0,0,0,0,0,0,0,0,0,0,0,0,0,0,0,0,0,0,0,0,0,0,0,0,0,0,0,0,0,0,0,0,0,0,0,0,0,0,0,0,1,1,2,4,4,4,6,6,6,6,7,7,9,9,10
84026029,US,USA,840,26029.0,Charlevoix,Michigan,US,45.37790017,-85.19614053,"Charlevoix, Michigan, US",0,0,0,0,0,0,0,0,0,0,0,0,0,0,0,0,0,0,0,0,0,0,0,0,0,0,0,0,0,0,0,0,0,0,0,0,0,0,0,0,0,0,0,0,0,0,0,0,0,0,0,0,1,1,1,1,1,1,1,1,2,2,3,4,4,4,4,4,4,4,4,5,5,7,7,8,8,8,9
84026031,US,USA,840,26031.0,Cheboygan,Michigan,US,45.44787015,-84.50122149,"Cheboygan, Michigan, US",0,0,0,0,0,0,0,0,0,0,0,0,0,0,0,0,0,0,0,0,0,0,0,0,0,0,0,0,0,0,0,0,0,0,0,0,0,0,0,0,0,0,0,0,0,0,0,0,0,0,0,0,0,0,0,0,0,0,0,0,0,0,0,0,0,0,0,1,1,1,2,3,6,7,8,8,10,10,10
84026033,US,USA,840,26033.0,Chippewa,Michigan,US,46.29552653,-84.54353449,"Chippewa, Michigan, US",0,0,0,0,0,0,0,0,0,0,0,0,0,0,0,0,0,0,0,0,0,0,0,0,0,0,0,0,0,0,0,0,0,0,0,0,0,0,0,0,0,0,0,0,0,0,0,0,0,0,0,0,0,0,0,0,0,0,0,0,0,1,1,1,1,1,0,0,0,1,1,1,1,1,2,1,1,1,1
84026035,US,USA,840,26035.0,Clare,Michigan,US,43.98794227,-84.84819859999998,"Clare, Michigan, US",0,0,0,0,0,0,0,0,0,0,0,0,0,0,0,0,0,0,0,0,0,0,0,0,0,0,0,0,0,0,0,0,0,0,0,0,0,0,0,0,0,0,0,0,0,0,0,0,0,0,0,0,0,0,0,0,0,0,0,1,1,1,1,1,1,1,1,1,1,1,1,1,2,1,1,3,2,2,2
84026037,US,USA,840,26037.0,Clinton,Michigan,US,42.94400871,-84.60145248,"Clinton, Michigan, US",0,0,0,0,0,0,0,0,0,0,0,0,0,0,0,0,0,0,0,0,0,0,0,0,0,0,0,0,0,0,0,0,0,0,0,0,0,0,0,0,0,0,0,0,0,0,0,0,0,0,0,0,0,0,0,0,0,1,1,2,2,2,5,6,7,8,13,14,19,24,33,43,49,54,55,56,73,82,85
84026039,US,USA,840,26039.0,Crawford,Michigan,US,44.68255561,-84.61006219,"Crawford, Michigan, US",0,0,0,0,0,0,0,0,0,0,0,0,0,0,0,0,0,0,0,0,0,0,0,0,0,0,0,0,0,0,0,0,0,0,0,0,0,0,0,0,0,0,0,0,0,0,0,0,0,0,0,0,0,0,0,0,0,0,0,0,0,0,0,0,0,1,1,1,1,1,1,1,1,1,1,2,5,5,5
84026041,US,USA,840,26041.0,Delta,Michigan,US,45.90484910000001,-86.9080745,"Delta, Michigan, US",0,0,0,0,0,0,0,0,0,0,0,0,0,0,0,0,0,0,0,0,0,0,0,0,0,0,0,0,0,0,0,0,0,0,0,0,0,0,0,0,0,0,0,0,0,0,0,0,0,0,0,0,0,0,0,0,0,0,0,0,0,0,0,0,0,0,0,0,1,1,3,4,5,5,7,7,7,8,9
84026043,US,USA,840,26043.0,Dickinson,Michigan,US,46.00999672,-87.86961634,"Dickinson, Michigan, US",0,0,0,0,0,0,0,0,0,0,0,0,0,0,0,0,0,0,0,0,0,0,0,0,0,0,0,0,0,0,0,0,0,0,0,0,0,0,0,0,0,0,0,0,0,0,0,0,0,0,0,0,0,0,0,0,0,0,0,0,0,0,0,0,0,0,0,0,0,0,0,1,1,1,1,2,2,2,3
84026045,US,USA,840,26045.0,Eaton,Michigan,US,42.59599185,-84.83740035,"Eaton, Michigan, US",0,0,0,0,0,0,0,0,0,0,0,0,0,0,0,0,0,0,0,0,0,0,0,0,0,0,0,0,0,0,0,0,0,0,0,0,0,0,0,0,0,0,0,0,0,0,0,0,0,0,0,0,0,0,0,0,0,2,2,2,2,2,3,3,4,8,8,8,15,21,27,37,47,53,55,57,61,67,69
84026047,US,USA,840,26047.0,Emmet,Michigan,US,45.52625509,-84.89083249,"Emmet, Michigan, US",0,0,0,0,0,0,0,0,0,0,0,0,0,0,0,0,0,0,0,0,0,0,0,0,0,0,0,0,0,0,0,0,0,0,0,0,0,0,0,0,0,0,0,0,0,0,0,0,0,0,0,0,0,0,0,0,0,0,0,0,1,1,2,2,2,3,4,4,4,5,7,6,6,7,13,13,14,15,16
84026049,US,USA,840,26049.0,Genesee,Michigan,US,43.02244215,-83.70589709,"Genesee, Michigan, US",0,0,0,0,0,0,0,0,0,0,0,0,0,0,0,0,0,0,0,0,0,0,0,0,0,0,0,0,0,0,0,0,0,0,0,0,0,0,0,0,0,0,0,0,0,0,0,0,0,0,0,0,0,0,0,0,0,0,4,7,14,23,34,46,63,91,110,127,150,185,249,349,422,464,504,568,638,713,755
84026051,US,USA,840,26051.0,Gladwin,Michigan,US,43.98901072,-84.38774817,"Gladwin, Michigan, US",0,0,0,0,0,0,0,0,0,0,0,0,0,0,0,0,0,0,0,0,0,0,0,0,0,0,0,0,0,0,0,0,0,0,0,0,0,0,0,0,0,0,0,0,0,0,0,0,0,0,0,0,0,0,0,0,0,0,0,0,1,1,2,2,2,2,2,3,2,2,2,2,2,3,4,4,4,4,4
84026053,US,USA,840,26053.0,Gogebic,Michigan,US,46.40862701,-89.69377193,"Gogebic, Michigan, US",0,0,0,0,0,0,0,0,0,0,0,0,0,0,0,0,0,0,0,0,0,0,0,0,0,0,0,0,0,0,0,0,0,0,0,0,0,0,0,0,0,0,0,0,0,0,0,0,0,0,0,0,0,0,0,0,0,0,0,0,0,0,0,0,0,1,1,1,1,2,2,3,3,3,3,3,3,3,3
84026055,US,USA,840,26055.0,Grand Traverse,Michigan,US,44.69565625,-85.55585247,"Grand Traverse, Michigan, US",0,0,0,0,0,0,0,0,0,0,0,0,0,0,0,0,0,0,0,0,0,0,0,0,0,0,0,0,0,0,0,0,0,0,0,0,0,0,0,0,0,0,0,0,0,0,0,0,0,0,0,0,0,0,0,0,0,0,0,0,1,1,3,3,3,3,5,6,7,7,8,9,11,12,12,14,15,15,15
84026057,US,USA,840,26057.0,Gratiot,Michigan,US,43.29265605,-84.60505416,"Gratiot, Michigan, US",0,0,0,0,0,0,0,0,0,0,0,0,0,0,0,0,0,0,0,0,0,0,0,0,0,0,0,0,0,0,0,0,0,0,0,0,0,0,0,0,0,0,0,0,0,0,0,0,0,0,0,0,0,0,0,0,0,0,0,0,0,0,0,0,0,1,2,3,3,3,3,5,5,4,4,5,6,5,6
84026059,US,USA,840,26059.0,Hillsdale,Michigan,US,41.88753639,-84.59312019,"Hillsdale, Michigan, US",0,0,0,0,0,0,0,0,0,0,0,0,0,0,0,0,0,0,0,0,0,0,0,0,0,0,0,0,0,0,0,0,0,0,0,0,0,0,0,0,0,0,0,0,0,0,0,0,0,0,0,0,0,0,0,0,0,0,0,0,0,0,1,2,5,6,7,10,12,14,19,24,26,37,44,46,55,62,64
84026061,US,USA,840,26061.0,Houghton,Michigan,US,46.89988536,-88.68495385,"Houghton, Michigan, US",0,0,0,0,0,0,0,0,0,0,0,0,0,0,0,0,0,0,0,0,0,0,0,0,0,0,0,0,0,0,0,0,0,0,0,0,0,0,0,0,0,0,0,0,0,0,0,0,0,0,0,0,0,0,0,0,0,0,0,0,0,0,0,0,0,0,0,0,1,1,1,1,1,2,1,1,1,1,1
84026063,US,USA,840,26063.0,Huron,Michigan,US,43.83353985,-83.04078453,"Huron, Michigan, US",0,0,0,0,0,0,0,0,0,0,0,0,0,0,0,0,0,0,0,0,0,0,0,0,0,0,0,0,0,0,0,0,0,0,0,0,0,0,0,0,0,0,0,0,0,0,0,0,0,0,0,0,0,0,0,0,0,0,0,0,0,0,0,0,0,1,1,3,3,3,3,4,4,4,4,4,4,4,5
84026065,US,USA,840,26065.0,Ingham,Michigan,US,42.59716886,-84.37472069,"Ingham, Michigan, US",0,0,0,0,0,0,0,0,0,0,0,0,0,0,0,0,0,0,0,0,0,0,0,0,0,0,0,0,0,0,0,0,0,0,0,0,0,0,0,0,0,0,0,0,0,0,0,0,0,0,0,1,1,1,1,3,5,6,7,11,11,12,15,18,22,26,32,43,73,91,121,128,152,168,172,178,189,205,222
84026067,US,USA,840,26067.0,Ionia,Michigan,US,42.94502238,-85.07413319,"Ionia, Michigan, US",0,0,0,0,0,0,0,0,0,0,0,0,0,0,0,0,0,0,0,0,0,0,0,0,0,0,0,0,0,0,0,0,0,0,0,0,0,0,0,0,0,0,0,0,0,0,0,0,0,0,0,0,0,0,0,0,0,0,0,0,0,0,0,0,2,2,2,2,4,4,6,5,6,6,8,8,9,11,13
84026069,US,USA,840,26069.0,Iosco,Michigan,US,44.35486835,-83.63484895,"Iosco, Michigan, US",0,0,0,0,0,0,0,0,0,0,0,0,0,0,0,0,0,0,0,0,0,0,0,0,0,0,0,0,0,0,0,0,0,0,0,0,0,0,0,0,0,0,0,0,0,0,0,0,0,0,0,0,0,0,0,0,0,0,0,0,0,0,0,1,1,1,1,1,1,1,1,1,1,2,3,3,4,4,4
84026071,US,USA,840,26071.0,Iron,Michigan,US,46.20974132,-88.53136251,"Iron, Michigan, US",0,0,0,0,0,0,0,0,0,0,0,0,0,0,0,0,0,0,0,0,0,0,0,0,0,0,0,0,0,0,0,0,0,0,0,0,0,0,0,0,0,0,0,0,0,0,0,0,0,0,0,0,0,0,0,0,0,0,0,0,0,0,0,0,0,0,0,0,0,0,0,0,0,0,0,0,0,0,0
84026073,US,USA,840,26073.0,Isabella,Michigan,US,43.64060976,-84.84664923,"Isabella, Michigan, US",0,0,0,0,0,0,0,0,0,0,0,0,0,0,0,0,0,0,0,0,0,0,0,0,0,0,0,0,0,0,0,0,0,0,0,0,0,0,0,0,0,0,0,0,0,0,0,0,0,0,0,0,0,0,0,0,0,0,0,0,0,0,2,2,3,4,4,4,5,6,7,8,9,10,12,16,22,22,28
84026075,US,USA,840,26075.0,Jackson,Michigan,US,42.24807035,-84.42258681,"Jackson, Michigan, US",0,0,0,0,0,0,0,0,0,0,0,0,0,0,0,0,0,0,0,0,0,0,0,0,0,0,0,0,0,0,0,0,0,0,0,0,0,0,0,0,0,0,0,0,0,0,0,0,0,0,0,0,0,0,0,1,1,1,1,1,1,1,6,12,17,16,20,24,37,47,56,67,69,81,90,103,114,126,131
84026077,US,USA,840,26077.0,Kalamazoo,Michigan,US,42.24542231,-85.53038622,"Kalamazoo, Michigan, US",0,0,0,0,0,0,0,0,0,0,0,0,0,0,0,0,0,0,0,0,0,0,0,0,0,0,0,0,0,0,0,0,0,0,0,0,0,0,0,0,0,0,0,0,0,0,0,0,0,0,0,0,0,0,0,0,0,0,0,0,0,3,3,5,10,11,15,19,24,24,30,34,40,45,53,58,64,67,74
84026079,US,USA,840,26079.0,Kalkaska,Michigan,US,44.68512729,-85.09085699,"Kalkaska, Michigan, US",0,0,0,0,0,0,0,0,0,0,0,0,0,0,0,0,0,0,0,0,0,0,0,0,0,0,0,0,0,0,0,0,0,0,0,0,0,0,0,0,0,0,0,0,0,0,0,0,0,0,0,0,0,0,0,0,0,0,0,0,0,0,1,2,2,4,4,4,5,7,7,7,8,8,8,8,10,10,10
84026081,US,USA,840,26081.0,Kent,Michigan,US,43.03197711,-85.54934642,"Kent, Michigan, US",0,0,0,0,0,0,0,0,0,0,0,0,0,0,0,0,0,0,0,0,0,0,0,0,0,0,0,0,0,0,0,0,0,0,0,0,0,0,0,0,0,0,0,0,0,0,0,0,0,0,0,3,3,3,5,5,5,7,12,21,22,28,31,36,41,45,53,72,96,108,119,125,136,153,165,177,187,207,233
84026083,US,USA,840,26083.0,Keweenaw,Michigan,US,47.63197653,-88.41434263,"Keweenaw, Michigan, US",0,0,0,0,0,0,0,0,0,0,0,0,0,0,0,0,0,0,0,0,0,0,0,0,0,0,0,0,0,0,0,0,0,0,0,0,0,0,0,0,0,0,0,0,0,0,0,0,0,0,0,0,0,0,0,0,0,0,0,0,0,0,0,0,0,0,0,0,0,0,0,0,0,0,0,0,0,0,0
84026085,US,USA,840,26085.0,Lake,Michigan,US,43.99050893,-85.802173,"Lake, Michigan, US",0,0,0,0,0,0,0,0,0,0,0,0,0,0,0,0,0,0,0,0,0,0,0,0,0,0,0,0,0,0,0,0,0,0,0,0,0,0,0,0,0,0,0,0,0,0,0,0,0,0,0,0,0,0,0,0,0,0,0,0,0,0,0,0,0,0,0,0,0,0,0,0,0,0,0,0,0,0,0
84026087,US,USA,840,26087.0,Lapeer,Michigan,US,43.09052506,-83.22153148,"Lapeer, Michigan, US",0,0,0,0,0,0,0,0,0,0,0,0,0,0,0,0,0,0,0,0,0,0,0,0,0,0,0,0,0,0,0,0,0,0,0,0,0,0,0,0,0,0,0,0,0,0,0,0,0,0,0,0,0,0,0,0,0,0,0,0,0,0,1,1,3,4,4,4,6,8,8,21,22,27,45,49,56,64,77
84026089,US,USA,840,26089.0,Leelanau,Michigan,US,44.94430054,-85.80150326,"Leelanau, Michigan, US",0,0,0,0,0,0,0,0,0,0,0,0,0,0,0,0,0,0,0,0,0,0,0,0,0,0,0,0,0,0,0,0,0,0,0,0,0,0,0,0,0,0,0,0,0,0,0,0,0,0,0,0,0,0,0,1,1,1,1,1,1,1,1,1,1,1,1,1,1,1,1,1,1,1,1,2,3,4,4
84026091,US,USA,840,26091.0,Lenawee,Michigan,US,41.89475156,-84.06603727,"Lenawee, Michigan, US",0,0,0,0,0,0,0,0,0,0,0,0,0,0,0,0,0,0,0,0,0,0,0,0,0,0,0,0,0,0,0,0,0,0,0,0,0,0,0,0,0,0,0,0,0,0,0,0,0,0,0,0,0,0,0,0,0,0,0,0,0,0,0,3,5,8,11,15,15,18,22,24,24,27,31,32,32,36,39
84026093,US,USA,840,26093.0,Livingston,Michigan,US,42.60302282,-83.91297209,"Livingston, Michigan, US",0,0,0,0,0,0,0,0,0,0,0,0,0,0,0,0,0,0,0,0,0,0,0,0,0,0,0,0,0,0,0,0,0,0,0,0,0,0,0,0,0,0,0,0,0,0,0,0,0,0,0,0,0,0,0,0,0,1,3,6,8,9,13,16,21,31,41,59,64,80,102,113,121,129,135,143,155,174,181
84026095,US,USA,840,26095.0,Luce,Michigan,US,46.47227431,-85.54471223,"Luce, Michigan, US",0,0,0,0,0,0,0,0,0,0,0,0,0,0,0,0,0,0,0,0,0,0,0,0,0,0,0,0,0,0,0,0,0,0,0,0,0,0,0,0,0,0,0,0,0,0,0,0,0,0,0,0,0,0,0,0,0,0,0,0,0,0,0,1,0,0,0,0,0,0,0,0,1,1,1,1,1,1,1
84026097,US,USA,840,26097.0,Mackinac,Michigan,US,46.07028979,-85.04980537,"Mackinac, Michigan, US",0,0,0,0,0,0,0,0,0,0,0,0,0,0,0,0,0,0,0,0,0,0,0,0,0,0,0,0,0,0,0,0,0,0,0,0,0,0,0,0,0,0,0,0,0,0,0,0,0,0,0,0,0,0,0,0,0,0,0,0,0,0,0,0,0,0,0,0,0,0,1,1,2,2,2,2,3,3,4
84026099,US,USA,840,26099.0,Macomb,Michigan,US,42.69158356,-82.92752801,"Macomb, Michigan, US",0,0,0,0,0,0,0,0,0,0,0,0,0,0,0,0,0,0,0,0,0,0,0,0,0,0,0,0,0,0,0,0,0,0,0,0,0,0,0,0,0,0,0,0,0,0,0,0,0,0,0,0,1,2,6,8,10,55,86,101,140,175,225,281,347,404,534,620,728,853,1088,1332,1560,1838,2003,2159,2414,2626,2783
84026101,US,USA,840,26101.0,Manistee,Michigan,US,44.33352407,-86.05626916,"Manistee, Michigan, US",0,0,0,0,0,0,0,0,0,0,0,0,0,0,0,0,0,0,0,0,0,0,0,0,0,0,0,0,0,0,0,0,0,0,0,0,0,0,0,0,0,0,0,0,0,0,0,0,0,0,0,0,0,0,0,0,0,0,0,0,0,0,1,1,1,1,1,1,1,1,1,1,1,4,4,6,9,9,9
84026103,US,USA,840,26103.0,Marquette,Michigan,US,46.4338914,-87.64043701,"Marquette, Michigan, US",0,0,0,0,0,0,0,0,0,0,0,0,0,0,0,0,0,0,0,0,0,0,0,0,0,0,0,0,0,0,0,0,0,0,0,0,0,0,0,0,0,0,0,0,0,0,0,0,0,0,0,0,0,0,0,0,0,0,0,0,0,0,1,1,1,1,1,2,3,4,4,5,7,11,14,15,19,18,18
84026105,US,USA,840,26105.0,Mason,Michigan,US,43.99509218,-86.24988902,"Mason, Michigan, US",0,0,0,0,0,0,0,0,0,0,0,0,0,0,0,0,0,0,0,0,0,0,0,0,0,0,0,0,0,0,0,0,0,0,0,0,0,0,0,0,0,0,0,0,0,0,0,0,0,0,0,0,0,0,0,0,0,0,0,0,0,0,0,0,0,0,0,0,0,0,0,0,0,0,0,0,1,1,1
84026107,US,USA,840,26107.0,Mecosta,Michigan,US,43.64064262,-85.32463223,"Mecosta, Michigan, US",0,0,0,0,0,0,0,0,0,0,0,0,0,0,0,0,0,0,0,0,0,0,0,0,0,0,0,0,0,0,0,0,0,0,0,0,0,0,0,0,0,0,0,0,0,0,0,0,0,0,0,0,0,0,0,0,0,0,0,0,0,0,0,0,1,1,1,1,2,3,3,3,4,4,6,6,8,8,9
84026109,US,USA,840,26109.0,Menominee,Michigan,US,45.58038692,-87.55370409,"Menominee, Michigan, US",0,0,0,0,0,0,0,0,0,0,0,0,0,0,0,0,0,0,0,0,0,0,0,0,0,0,0,0,0,0,0,0,0,0,0,0,0,0,0,0,0,0,0,0,0,0,0,0,0,0,0,0,0,0,0,0,0,0,0,0,0,0,0,0,0,0,0,0,0,0,0,0,0,0,0,0,0,0,0
84026111,US,USA,840,26111.0,Midland,Michigan,US,43.64330771,-84.38804374,"Midland, Michigan, US",0,0,0,0,0,0,0,0,0,0,0,0,0,0,0,0,0,0,0,0,0,0,0,0,0,0,0,0,0,0,0,0,0,0,0,0,0,0,0,0,0,0,0,0,0,0,0,0,0,0,0,0,0,0,0,0,0,1,3,3,5,5,5,6,6,8,8,8,9,10,12,15,16,17,18,22,22,24,28
84026113,US,USA,840,26113.0,Missaukee,Michigan,US,44.33772443,-85.09256478,"Missaukee, Michigan, US",0,0,0,0,0,0,0,0,0,0,0,0,0,0,0,0,0,0,0,0,0,0,0,0,0,0,0,0,0,0,0,0,0,0,0,0,0,0,0,0,0,0,0,0,0,0,0,0,0,0,0,0,0,0,0,0,0,0,0,0,0,0,0,0,1,1,1,1,1,1,1,1,1,1,1,1,1,1,1
84026115,US,USA,840,26115.0,Monroe,Michigan,US,41.92734151,-83.53749864,"Monroe, Michigan, US",0,0,0,0,0,0,0,0,0,0,0,0,0,0,0,0,0,0,0,0,0,0,0,0,0,0,0,0,0,0,0,0,0,0,0,0,0,0,0,0,0,0,0,0,0,0,0,0,0,0,0,0,0,1,1,1,1,2,3,3,6,7,12,18,21,28,34,38,45,49,58,79,95,101,108,117,129,152,165
84026117,US,USA,840,26117.0,Montcalm,Michigan,US,43.31082541,-85.15252824,"Montcalm, Michigan, US",0,0,0,0,0,0,0,0,0,0,0,0,0,0,0,0,0,0,0,0,0,0,0,0,0,0,0,0,0,0,0,0,0,0,0,0,0,0,0,0,0,0,0,0,0,0,0,0,0,0,0,1,1,1,1,1,1,1,1,1,1,1,1,2,3,3,3,3,4,5,10,10,12,13,14,15,16,18,19
84026119,US,USA,840,26119.0,Montmorency,Michigan,US,45.0275929,-84.12696227,"Montmorency, Michigan, US",0,0,0,0,0,0,0,0,0,0,0,0,0,0,0,0,0,0,0,0,0,0,0,0,0,0,0,0,0,0,0,0,0,0,0,0,0,0,0,0,0,0,0,0,0,0,0,0,0,0,0,0,0,0,0,0,0,0,0,0,0,0,0,0,0,0,0,0,0,0,0,0,0,0,0,0,0,0,0
84026121,US,USA,840,26121.0,Muskegon,Michigan,US,43.29123859,-86.15176712,"Muskegon, Michigan, US",0,0,0,0,0,0,0,0,0,0,0,0,0,0,0,0,0,0,0,0,0,0,0,0,0,0,0,0,0,0,0,0,0,0,0,0,0,0,0,0,0,0,0,0,0,0,0,0,0,0,0,0,0,0,0,0,0,0,0,0,0,1,3,3,3,6,7,13,18,18,18,26,30,31,31,33,41,42,53
84026123,US,USA,840,26123.0,Newaygo,Michigan,US,43.554374,-85.80070107,"Newaygo, Michigan, US",0,0,0,0,0,0,0,0,0,0,0,0,0,0,0,0,0,0,0,0,0,0,0,0,0,0,0,0,0,0,0,0,0,0,0,0,0,0,0,0,0,0,0,0,0,0,0,0,0,0,0,0,0,0,0,0,0,0,0,0,0,1,2,2,2,1,1,1,1,1,1,2,2,2,2,2,3,3,3
84026125,US,USA,840,26125.0,Oakland,Michigan,US,42.66090111,-83.38595416,"Oakland, Michigan, US",0,0,0,0,0,0,0,0,0,0,0,0,0,0,0,0,0,0,0,0,0,0,0,0,0,0,0,0,0,0,0,0,0,0,0,0,0,0,0,0,0,0,0,0,0,0,0,0,0,1,1,3,6,9,14,16,59,105,184,230,277,329,428,543,668,824,1018,1170,1365,1591,1910,2183,2540,2785,3035,3380,3736,4007,4247
84026127,US,USA,840,26127.0,Oceana,Michigan,US,43.64124435,-86.26726673,"Oceana, Michigan, US",0,0,0,0,0,0,0,0,0,0,0,0,0,0,0,0,0,0,0,0,0,0,0,0,0,0,0,0,0,0,0,0,0,0,0,0,0,0,0,0,0,0,0,0,0,0,0,0,0,0,0,0,0,0,0,0,0,0,0,0,0,0,0,0,1,1,1,2,2,2,2,2,3,3,3,3,3,3,3
84026129,US,USA,840,26129.0,Ogemaw,Michigan,US,44.33481032,-84.12725175,"Ogemaw, Michigan, US",0,0,0,0,0,0,0,0,0,0,0,0,0,0,0,0,0,0,0,0,0,0,0,0,0,0,0,0,0,0,0,0,0,0,0,0,0,0,0,0,0,0,0,0,0,0,0,0,0,0,0,0,0,0,0,0,0,0,0,0,0,0,0,0,1,1,1,1,4,1,1,2,2,2,3,3,3,3,3
84026131,US,USA,840,26131.0,Ontonagon,Michigan,US,46.665226200000006,-89.31390481,"Ontonagon, Michigan, US",0,0,0,0,0,0,0,0,0,0,0,0,0,0,0,0,0,0,0,0,0,0,0,0,0,0,0,0,0,0,0,0,0,0,0,0,0,0,0,0,0,0,0,0,0,0,0,0,0,0,0,0,0,0,0,0,0,0,0,0,0,0,0,0,0,0,0,0,0,0,0,0,0,0,1,1,0,0,0
84026133,US,USA,840,26133.0,Osceola,Michigan,US,43.98992088,-85.32566756,"Osceola, Michigan, US",0,0,0,0,0,0,0,0,0,0,0,0,0,0,0,0,0,0,0,0,0,0,0,0,0,0,0,0,0,0,0,0,0,0,0,0,0,0,0,0,0,0,0,0,0,0,0,0,0,0,0,0,0,0,0,0,0,0,0,0,0,0,0,0,0,0,1,2,2,2,2,3,3,4,3,3,3,3,3
84026135,US,USA,840,26135.0,Oscoda,Michigan,US,44.68192279,-84.12939244,"Oscoda, Michigan, US",0,0,0,0,0,0,0,0,0,0,0,0,0,0,0,0,0,0,0,0,0,0,0,0,0,0,0,0,0,0,0,0,0,0,0,0,0,0,0,0,0,0,0,0,0,0,0,0,0,0,0,0,0,0,0,0,0,0,0,0,0,0,0,0,0,0,0,0,0,2,2,2,2,2,2,2,2,2,3
84026137,US,USA,840,26137.0,Otsego,Michigan,US,45.02085831,-84.59898295,"Otsego, Michigan, US",0,0,0,0,0,0,0,0,0,0,0,0,0,0,0,0,0,0,0,0,0,0,0,0,0,0,0,0,0,0,0,0,0,0,0,0,0,0,0,0,0,0,0,0,0,0,0,0,0,0,0,0,0,0,0,1,1,1,1,1,1,3,5,6,7,7,14,17,17,19,19,19,20,22,24,26,28,29,29
84026139,US,USA,840,26139.0,Ottawa,Michigan,US,42.95996803,-85.9969107,"Ottawa, Michigan, US",0,0,0,0,0,0,0,0,0,0,0,0,0,0,0,0,0,0,0,0,0,0,0,0,0,0,0,0,0,0,0,0,0,0,0,0,0,0,0,0,0,0,0,0,0,0,0,0,0,0,0,0,0,0,1,1,1,1,1,2,6,11,15,16,18,21,23,25,28,31,31,35,37,39,44,44,52,55,59
84026141,US,USA,840,26141.0,Presque Isle,Michigan,US,45.34018577,-83.91498656,"Presque Isle, Michigan, US",0,0,0,0,0,0,0,0,0,0,0,0,0,0,0,0,0,0,0,0,0,0,0,0,0,0,0,0,0,0,0,0,0,0,0,0,0,0,0,0,0,0,0,0,0,0,0,0,0,0,0,0,0,0,0,0,0,0,0,0,0,0,0,0,0,0,0,0,0,0,0,0,1,0,0,1,1,1,1
84026143,US,USA,840,26143.0,Roscommon,Michigan,US,44.33473082,-84.61067651,"Roscommon, Michigan, US",0,0,0,0,0,0,0,0,0,0,0,0,0,0,0,0,0,0,0,0,0,0,0,0,0,0,0,0,0,0,0,0,0,0,0,0,0,0,0,0,0,0,0,0,0,0,0,0,0,0,0,0,0,0,0,0,0,0,0,0,1,1,1,1,1,1,1,1,1,1,1,1,2,2,5,5,6,6,8
84026145,US,USA,840,26145.0,Saginaw,Michigan,US,43.33433923,-84.05131209999998,"Saginaw, Michigan, US",0,0,0,0,0,0,0,0,0,0,0,0,0,0,0,0,0,0,0,0,0,0,0,0,0,0,0,0,0,0,0,0,0,0,0,0,0,0,0,0,0,0,0,0,0,0,0,0,0,0,0,0,0,0,0,0,0,0,0,1,2,2,8,9,10,14,19,24,36,51,71,82,90,103,118,139,153,186,205
84026147,US,USA,840,26147.0,St. Clair,Michigan,US,42.92655373,-82.67937954,"St. Clair, Michigan, US",0,0,0,0,0,0,0,0,0,0,0,0,0,0,0,0,0,0,0,0,0,0,0,0,0,0,0,0,0,0,0,0,0,0,0,0,0,0,0,0,0,0,0,0,0,0,0,0,0,0,0,1,1,1,2,2,2,4,7,7,7,7,8,10,13,15,16,20,25,32,41,53,66,85,94,110,129,140,162
84026149,US,USA,840,26149.0,St. Joseph,Michigan,US,41.91441767,-85.52797979,"St. Joseph, Michigan, US",0,0,0,0,0,0,0,0,0,0,0,0,0,0,0,0,0,0,0,0,0,0,0,0,0,0,0,0,0,0,0,0,0,0,0,0,0,0,0,0,0,0,0,0,0,0,0,0,0,0,0,0,0,0,0,0,0,0,0,0,0,0,0,0,0,0,0,0,3,4,5,8,10,9,10,11,14,16,18
84026151,US,USA,840,26151.0,Sanilac,Michigan,US,43.42406072,-82.82055898,"Sanilac, Michigan, US",0,0,0,0,0,0,0,0,0,0,0,0,0,0,0,0,0,0,0,0,0,0,0,0,0,0,0,0,0,0,0,0,0,0,0,0,0,0,0,0,0,0,0,0,0,0,0,0,0,0,0,0,0,0,0,0,0,0,0,0,0,0,0,2,1,2,2,2,5,7,7,8,10,13,13,14,17,22,21
84026153,US,USA,840,26153.0,Schoolcraft,Michigan,US,46.19235734,-86.19972234,"Schoolcraft, Michigan, US",0,0,0,0,0,0,0,0,0,0,0,0,0,0,0,0,0,0,0,0,0,0,0,0,0,0,0,0,0,0,0,0,0,0,0,0,0,0,0,0,0,0,0,0,0,0,0,0,0,0,0,0,0,0,0,0,0,0,0,0,0,0,0,0,0,0,0,0,0,1,0,0,0,0,0,0,0,1,1
84026155,US,USA,840,26155.0,Shiawassee,Michigan,US,42.95392800000001,-84.14585902,"Shiawassee, Michigan, US",0,0,0,0,0,0,0,0,0,0,0,0,0,0,0,0,0,0,0,0,0,0,0,0,0,0,0,0,0,0,0,0,0,0,0,0,0,0,0,0,0,0,0,0,0,0,0,0,0,0,0,0,0,0,0,0,0,0,0,0,0,0,0,0,1,2,2,5,8,8,11,17,18,22,23,24,24,27,31
84026157,US,USA,840,26157.0,Tuscola,Michigan,US,43.46606813,-83.41897025,"Tuscola, Michigan, US",0,0,0,0,0,0,0,0,0,0,0,0,0,0,0,0,0,0,0,0,0,0,0,0,0,0,0,0,0,0,0,0,0,0,0,0,0,0,0,0,0,0,0,0,0,0,0,0,0,0,0,0,0,0,0,0,0,0,0,0,1,1,1,2,2,2,4,4,5,9,11,14,15,20,22,22,26,27,36
84026159,US,USA,840,26159.0,Van Buren,Michigan,US,42.25190229,-86.01939087,"Van Buren, Michigan, US",0,0,0,0,0,0,0,0,0,0,0,0,0,0,0,0,0,0,0,0,0,0,0,0,0,0,0,0,0,0,0,0,0,0,0,0,0,0,0,0,0,0,0,0,0,0,0,0,0,0,0,0,0,0,0,0,0,0,0,0,0,0,0,2,2,3,4,4,4,7,10,12,12,12,14,16,17,18,18
84026161,US,USA,840,26161.0,Washtenaw,Michigan,US,42.253105,-83.83853204,"Washtenaw, Michigan, US",0,0,0,0,0,0,0,0,0,0,0,0,0,0,0,0,0,0,0,0,0,0,0,0,0,0,0,0,0,0,0,0,0,0,0,0,0,0,0,0,0,0,0,0,0,0,0,0,0,0,0,3,3,4,7,7,7,14,16,29,35,42,50,72,92,150,185,233,266,305,401,438,477,501,518,539,559,610,637
84026163,US,USA,840,26163.0,Wayne,Michigan,US,42.28098405,-83.281255,"Wayne, Michigan, US",0,0,0,0,0,0,0,0,0,0,0,0,0,0,0,0,0,0,0,0,0,0,0,0,0,0,0,0,0,0,0,0,0,0,0,0,0,0,0,0,0,0,0,0,0,0,0,0,0,1,1,2,6,8,14,14,23,44,67,102,477,638,876,1122,1389,1810,2316,2704,3195,3735,4470,5069,6096,6762,7518,8270,9045,9626,10093
84026165,US,USA,840,26165.0,Wexford,Michigan,US,44.33853602,-85.57712739,"Wexford, Michigan, US",0,0,0,0,0,0,0,0,0,0,0,0,0,0,0,0,0,0,0,0,0,0,0,0,0,0,0,0,0,0,0,0,0,0,0,0,0,0,0,0,0,0,0,0,0,0,0,0,0,0,0,0,0,0,0,0,0,0,0,1,1,1,1,1,1,1,1,1,2,2,2,3,4,4,5,5,7,7,7
84080026,US,USA,840,80026.0,Out of MI,Michigan,US,0.0,0.0,"Out of MI, Michigan, US",0,0,0,0,0,0,0,0,0,0,0,0,0,0,0,0,0,0,0,0,0,0,0,0,0,0,0,0,0,0,0,0,0,0,0,0,0,0,0,0,0,0,0,0,0,0,0,0,0,0,0,0,0,0,0,0,0,0,0,0,0,4,6,7,7,8,15,18,17,20,42,48,74,83,83,91,118,126,131
84090026,US,USA,840,90026.0,Unassigned,Michigan,US,0.0,0.0,"Unassigned, Michigan, US",0,0,0,0,0,0,0,0,0,0,0,0,0,0,0,0,0,0,0,0,0,0,0,0,0,0,0,0,0,0,0,0,0,0,0,0,0,0,0,0,0,0,0,0,0,0,0,0,0,0,0,2,1,0,0,0,0,10,0,0,0,0,0,0,0,0,47,77,78,93,142,178,215,252,349,371,409,364,368
